device;price_byn
iPhone 13 128 Midnight 1+1;1650
iPhone 13 128 Starlight 1+1;по запросу
iPhone 13 128 Pink 1+1;по запросу
iPhone 13 128 Blue 1+1;1650
iPhone 13 128 Green 1+1;по запросу
iPhone 13 256 Midnight 1+1;по запросу
iPhone 13 256 Starlight 1+1;по запросу
iPhone 13 256 Pink 1+1;по запросу
iPhone 13 256 Blue 1+1;по запросу
iPhone 13 256 Green 1+1;по запросу
iPhone 14 128 Midnight 1+1;1750
iPhone 14 128 Starlight 1+1;по запросу
iPhone 14 128 Blue 1+1;1720
iPhone 14 128 Purple 1+1;по запросу
iPhone 14 128 Yellow 1+1;по запросу
iPhone 14 256 Midnight 1+1;по запросу
iPhone 14 256 Starlight 1+1;по запросу
iPhone 14 256 Blue 1+1;по запросу
iPhone 14 256 Purple 1+1;по запросу
iPhone 14 256 Yellow 1+1;по запросу
iPhone 14 Plus 128 Midnight 1+1;по запросу
iPhone 14 Plus 128 Starlight 1+1;по запросу
iPhone 14 Plus 128 Blue 1+1;по запросу
iPhone 14 Plus 128 Purple 1+1;по запросу
iPhone 14 Plus 128 Yellow 1+1;2010
iPhone 14 Plus 256 Midnight 1+1;по запросу
iPhone 14 Plus 256 Starlight 1+1;по запросу
iPhone 14 Plus 256 Blue 1+1;по запросу
iPhone 14 Plus 256 Purple 1+1;по запросу
iPhone 14 Plus 256 Yellow 1+1;по запросу
iPhone 15 128 Black 1+1;1950
iPhone 15 128 Pink 1+1;по запросу
iPhone 15 128 Blue 1+1;по запросу
iPhone 15 128 Green 1+1;по запросу
iPhone 15 128 Yellow 1+1;по запросу
iPhone 15 256 Black 1+1;по запросу
iPhone 15 256 Pink 1+1;по запросу
iPhone 15 256 Blue 1+1;по запросу
iPhone 15 256 Green 1+1;по запросу
iPhone 15 256 Yellow 1+1;по запросу
iPhone 15 Plus 128 Black 1+1;по запросу
iPhone 15 Plus 128 Pink 1+1;по запросу
iPhone 15 Plus 128 Blue 1+1;по запросу
iPhone 15 Plus 128 Green 1+1;по запросу
iPhone 15 Plus 128 Yellow 1+1;по запросу
iPhone 15 Plus 256 Black 1+1;по запросу
iPhone 15 Plus 256 Pink 1+1;по запросу
iPhone 15 Plus 256 Blue 1+1;по запросу
iPhone 15 Plus 256 Green 1+1;по запросу
iPhone 15 Plus 256 Yellow 1+1;2430
iPhone 15 Pro 128 Blue 1+1;по запросу
iPhone 15 Pro 128 White 1+1;по запросу
iPhone 15 Pro 128 Black 1+1;по запросу
iPhone 15 Pro 128 Natural 1+1;по запросу
iPhone 15 Pro 256 Blue 1+1;по запросу
iPhone 15 Pro 256 White 1+1;по запросу
iPhone 15 Pro 256 Black 1+1;по запросу
iPhone 15 Pro 256 Natural 1+1;по запросу
iPhone 15 Pro Max 256 Black 1+1;по запросу
iPhone 15 Pro Max 256 White 1+1;по запросу
iPhone 15 Pro Max 256 Blue 1+1;по запросу
iPhone 15 Pro Max 256 Natural 1+1;по запросу
iPhone 15 Pro Max 512 White 1+1;по запросу
iPhone 15 Pro Max 512 Blue 1+1;по запросу
iPhone 15 Pro Max 512 Black 1+1;по запросу
iPhone 15 Pro Max 512 Natural 1+1;по запросу
iPhone 16e 128 Black 1+1;1850
iPhone 16e 128 White 1+1;по запросу
iPhone 16e 256 Black 1+1;по запросу
iPhone 16e 256 White 1+1;2260
iPhone 16e 512 Black 1+1;по запросу
iPhone 16e 512 White 1+1;по запросу
iPhone 16 128 Ultramarine 1+1;по запросу
iPhone 16 128 Teal 1+1;по запросу
iPhone 16 128 Pink 1+1;по запросу
iPhone 16 128 Black 1+1;по запросу
iPhone 16 128 White 1+1;по запросу
iPhone 16 256 White 1+1;по запросу
iPhone 16 256 Pink 1+1;по запросу
iPhone 16 256 Black 1+1;по запросу
iPhone 16 256 Ultramarine 1+1;по запросу
iPhone 16 256 Teal 1+1;по запросу
iPhone 16 Plus 128 White 1+1;по запросу
iPhone 16 Plus 128 Ultramarine 1+1;по запросу
iPhone 16 Plus 128 Black 1+1;по запросу
iPhone 16 Plus 128 Teal 1+1;по запросу
iPhone 16 Plus 128 Pink 1+1;по запросу
iPhone 16 Plus 256 White 1+1;по запросу
iPhone 16 Plus 256 Ultramarine 1+1;по запросу
iPhone 16 Plus 256 Black 1+1;по запросу
iPhone 16 Plus 256 Teal 1+1;по запросу
iPhone 16 Plus 256 Pink 1+1;по запросу
iPhone 16 Pro 128 Black 1+1;по запросу
iPhone 16 Pro 128 White 1+1;по запросу
iPhone 16 Pro 128 Desert 1+1;3430
iPhone 16 Pro 128 Natural 1+1;по запросу
iPhone 16 Pro 256 Black 1+1;по запросу
iPhone 16 Pro 256 White 1+1;по запросу
iPhone 16 Pro 256 Desert 1+1;по запросу
iPhone 16 Pro 256 Natural 1+1;по запросу
iPhone 16 Pro Max 256 Black 1+1;3990
iPhone 16 Pro Max 256 White 1+1;по запросу
iPhone 16 Pro Max 256 Desert 1+1;по запросу
iPhone 16 Pro Max 256 Natural 1+1;по запросу
iPhone 16 Pro Max 512 White 1+1;по запросу
iPhone 16 Pro Max 512 Natural 1+1;по запросу
iPhone 16 Pro Max 512 Desert 1+1;по запросу
iPhone 16 Pro Max 512 Black 1+1;по запросу
iPhone 16 Pro Max 1TB White 1+1;по запросу
iPhone 16 Pro Max 1TB Natural 1+1;по запросу
iPhone 16 Pro Max 1TB Desert 1+1;по запросу
iPhone 16 Pro Max 1TB Black 1+1;по запросу
